Label,Unnamed: 0,ID,Reason for absence,Month of absence,Day of the week,Seasons,Transportation expense,Distance from Residence to Work,Service time,Age,Work load Average/day ,Hit target,Disciplinary failure,Education,Son,Social drinker,Social smoker,Pet,Weight,Height,Body mass index,Absenteeism time in hours
0,349.5032258064516,10.248387096774193,21.76451612903226,6.567741935483871,3.996774193548387,2.390322580645161,247.99032258064517,41.73548387096774,13.851612903225806,36.854838709677416,265.156735483871,94.2,0.00967741935483871,1.0,1.2483870967741935,0.9451612903225807,0.03225806451612903,0.7290322580645161,82.40645161290323,169.9516129032258,28.570967741935483,6.651612903225806
1,398.9375,23.544117647058822,20.238970588235293,5.411764705882353,4.0036764705882355,2.3970588235294117,205.625,22.393382352941178,10.080882352941176,32.87867647058823,272.56312867647057,95.61029411764706,0.0,1.713235294117647,0.6617647058823529,0.12867647058823528,0.10294117647058823,0.9375,71.18014705882354,172.27573529411765,23.856617647058822,5.176470588235294
2,358.05696202531647,23.746835443037973,12.455696202531646,7.417721518987341,3.6012658227848102,3.1012658227848102,196.05696202531647,18.341772151898734,14.265822784810126,41.80379746835443,282.0697151898734,93.5886075949367,0.23417721518987342,1.139240506329114,1.1835443037974684,0.5822784810126582,0.10126582278481013,0.44936708860759494,85.94303797468355,176.08227848101265,27.81645569620253,10.468354430379748
